question_id	answer_id	user_id	post_type
55138926		7922340	question
55138926	55264496	11232916	answer
58530328		4163977	question
58516465		5047338	question
58516465	58517421	5136550	answer
58516408		5904928	question
58389268		11701537	question
58389268	58389380	3994824	answer
58362763		10243423	question
58362763	58363469	3416340	answer
49124814		8186293	question
49124814	49126505	5974433	answer
58228840		847200	question
58228840	58321163	12192957	answer
58289790		10407138	question
58289790	58291174	5136550	answer
58278338		12166702	question
58276337		2066786	question
58276337	58277760	10133797	answer
58220747		1745048	question
58220747	58222947	5136550	answer
58119629		11551046	question
58119629	58120077	2846923	answer
57694137		8214268	question
57642009		2146141	question
57509873		7204850	question
57442424		347484	question
56382500		373655	question
56382500	56382882	2154440	answer
56382500	56461830	1735003	answer
56382500	56485026	423926	answer
56862518		6107346	question
56695299		11628272	question
56695299	56774189	11628272	answer
56770549		6456798	question
56770549	56772112	3399825	answer
56750620		6456798	question
56750620	56752804	5298937	answer
56659428		11210924	question
56659428	56659558	11143609	answer
56564555		5248987	question
56564555	56564792	7408462	answer
56563985		7470810	question
56432802		11192771	question
56414605		5438313	question
56414605	56416556	9477338	answer
56414605	56425146	5597718	answer
56382596		8976407	question
56382596	56382765	9794742	answer
56382596	56382818	349130	answer
56313380		4142753	question
56313380	56314357	2099607	answer
55772535		812161	question
55742849		11378020	question
55600057		11336168	question
51469446		9177422	question
51469446	51474879	10014769	answer
51469446	55233535	4126114	answer
51469446	55293396	11152011	answer
55147276		11164691	question
55147276	55150032	2444909	answer
55147276	55151189	423926	answer
55045523		10022290	question
55045523	55046229	2099607	answer
55031383		4599450	question
55031383	55031640	10921263	answer
52960555		10547105	question
52960555	52965161	10025506	answer
52960555	54811584	5208239	answer
54765818		9222818	question
54765818	54765909	415016	answer
54765818	54765949	7904315	answer
54522336		8575076	question
54522336	54522432	2097240	answer
54553561		7531575	question
54553561	54553704	7067304	answer
54472295		10789317	question
54472295	54472349	8112138	answer
51566573		3236691	question
51566573	51578271	5495381	answer
54000409		4111676	question
53990774		10783111	question
53990774	53990953	2099607	answer
51252555		1093708	question
51252555	51252809	2099607	answer
51252555	53749704	5884955	answer
53530554		3492226	question
53530554	53561146	6431410	answer
53471698		10599426	question
53396147		4803860	question
53396147	53457574	8382707	answer
53363060		8513493	question
53363060	53365738	5495304	answer
53316561		6763456	question
53316561	53317569	2099607	answer
53311885		10245126	question
53311885	53311897	10655346	answer
53311885	53313039	2099607	answer
48158547		4288666	question
48158547	48314642	4288666	answer
48158547	50048551	1236689	answer
53096870		10589692	question
53096870	53152363	10589692	answer
53084604		6286493	question
53084604	53084852	3114765	answer
53065077		1298461	question
53065077	53070658	2099607	answer
52907059		10533365	question
52907059	52907572	2099607	answer
52880384		3276237	question
52880384	52882417	2099607	answer
52317452		7781194	question
52317452	52318369	2099607	answer
52323297		4293998	question
52323297	52323654	4293998	answer
52235235		8061600	question
52235235	52236794	2099607	answer
41064802		2439854	question
41064802	41077437	2439854	answer
52084911		706677	question
52084911	52123745	992489	answer
52065812		7398902	question
52048171		8100895	question
52048171	52057662	9393102	answer
51739016		1118109	question
51739016	51740625	2099607	answer
51441690		10032996	question
51441690	51442427	2097240	answer
51441690	51443340	10062180	answer
51365661		8798570	question
51365661	51366274	2097240	answer
51342528		2809263	question
51342528	51343505	7423389	answer
51308325		10071228	question
51292212		9328846	question
51292212	51297494	9328846	answer
51277247		user5339769	question
51277247	51278143	871910	answer
51148876		10020966	question
51015259		811344	question
51015259	51015462	4790871	answer
50393828		3844480	question
50393828	50805539	3844480	answer
50682119		3011570	question
50682119	50683342	9758922	answer
50682119	50686899	9298528	answer
50685576		2421298	question
50518563		3971528	question
50414117		4704873	question
50414117	50417224	349130	answer
50083767		6395388	question
50083767	50105609	6395388	answer
49690256		3478580	question
49690256	49690422	3697191	answer
49690256	49690528	8563649	answer
49690256	49690747	user9606893	answer
49721691		9333818	question
49721691	49856098	1187956	answer
49402739		9212155	question
49402739	49403464	1508542	answer
49402739	49832037	7655725	answer
49624167		9589617	question
49624167	49630749	5499527	answer
49549364		9556077	question
49011306		9418382	question
49011306	49011474	8756315	answer
49011306	49011626	567620	answer
48835999		2237916	question
48835999	48836405	5974433	answer
48835999	48872519	712995	answer
48827687		4697075	question
48827687	48839471	2060205	answer
48155026		8505488	question
48155026	48204889	712995	answer
47925346		3765706	question
47925346	47948715	8581827	answer
45138064		1798137	question
45138064	45150279	5974433	answer
45076758		8300957	question
44593556		5302826	question
44593556	45019836	8249869	answer
43479957		4938505	question
43479957	43480212	5974433	answer
52867069		9633432	question
52867069	54507633	9461915	answer
48431282		4509378	question
48431282	48432269	5974433	answer
48431282	48437314	7443104	answer
57987766		11170350	question
57987766	57988017	5661194	answer
57862459		8843300	question
57862459	57972395	10273558	answer
57961215		11124740	question
57909596		10584990	question
57909596	57959123	10584990	answer
57896249		7718241	question
57896249	57896459	11244336	answer
57852043		10794530	question
57775938		6997665	question
57775938	57784713	3337089	answer
57702915		11813916	question
57317133		5500597	question
57317133	57340741	5500597	answer
57304185		11867828	question
57304185	57320969	2099607	answer
57247583		1474563	question
57154594		10281487	question
57154594	57155172	177498	answer
57154594	57184016	10281487	answer
56930730		11753168	question
56930730	56934638	11250466	answer
57081906		5688752	question
56961856		11762082	question
56961856	56961915	5668710	answer
56931005		11413867	question
56157510		2464597	question
56013282		5351641	question
56013282	56027521	11456939	answer
56021185		10829495	question
56015380		10704793	question
55986767		9051428	question
55986767	55986836	1509248	answer
55958059		6395618	question
55958059	55959548	6395618	answer
55958059	55962711	10606534	answer
55924162		8027995	question
55924162	55924262	8332501	answer
55877741		11418629	question
55837063		1519525	question
53950430		7331506	question
52125954		8601704	question
52125954	52126042	7896849	answer
52125954	55492873	11273110	answer
55431333		11281358	question
55386618		11268861	question
55386618	55386869	10706172	answer
55248680		2424542	question
55248680	55384758	11260421	answer
55350763		6059213	question
55350763	55351157	7378795	answer
55295798		8499517	question
54877881		799723	question
43158719		590335	question
43158719	43204988	5974433	answer
43158719	43270179	4356204	answer
43158719	50266333	8046030	answer
43158719	54817501	4549682	answer
52699598		5585432	question
52699598	52701095	2099607	answer
48286504		4343153	question
48286504	48288529	5974433	answer
48286504	54707942	10974829	answer
54619732		9585135	question
54619732	54620037	5495381	answer
54594204		11033613	question
54594204	54594599	11029007	answer
54594204	54594853	8893595	answer
54594204	54599245	9163909	answer
53640464		6854964	question
53640464	54526827	11015383	answer
54428938		604798	question
52481006		10095977	question
52481006	52481087	752843	answer
52481006	53064016	8068733	answer
52481006	54317762	9204291	answer
54238303		2641587	question
54238303	54269848	10938273	answer
54267750		10843708	question
54267750	54267947	10843708	answer
54185672		7258619	question
54185672	54186321	7383560	answer
54118715		6589409	question
54118715	54151303	9277245	answer
54101593		8916723	question
54101593	54107117	5140223	answer
54118546		4561314	question
54118546	54119442	4561314	answer
54091160		6070667	question
54091160	54102861	10583434	answer
54031644		10865204	question
54031644	54031911	5495304	answer
54031644	54037548	2099607	answer
53893786		10193890	question
53705799		10159144	question
53705799	53773682	10159144	answer
53687976		2607447	question
53687976	53689078	8112138	answer
53678282		588855	question
53662346		10757549	question
53662346	53662513	user9477964	answer
53600551		8798570	question
53600551	53600632	2099607	answer
53547872		10724777	question
53547872	53548827	2097240	answer
53461304		2651073	question
53461304	53461463	9280994	answer
53441343		10693988	question
53441343	53447657	2099607	answer
53380472		4824518	question
53318270		4729764	question
53322139		1116068	question
53322139	53323271	8609330	answer
53035190		3755087	question
53035190	53035580	2099607	answer
52946030		7934206	question
52946030	52947744	10494794	answer
52708821		9633432	question
49797291		6075854	question
49797291	49798062	2097240	answer
49797291	49799893	9160548	answer
49797291	52532726	7881422	answer
52522590		3737468	question
52522590	52543001	2464597	answer
52452947		9768291	question
52452947	52459896	9768291	answer
52169024		7944338	question
52169024	52169350	10238218	answer
52119988		3578476	question
52119988	52120446	5668710	answer
52119988	52128860	2099607	answer
51887958		7054410	question
51887958	51891264	4867531	answer
51887958	51921611	7054410	answer
51756173		10200019	question
51756173	51760055	3607203	answer
51679311		8926217	question
51679311	51680611	5495381	answer
50661907		9886508	question
50661907	50662075	4001737	answer
50661907	50662331	2050	answer
48620057		5825953	question
48620057	50587633	4722692	answer
45296656		8283069	question
45296656	50187613	471438	answer
49968000		anon	question
49968000	49968205	4320693	answer
49968000	49968311	4867193	answer
49966917		9559874	question
49966917	49967220	4320693	answer
47571896		8558584	question
47571896	47572245	8563649	answer
48490280		8145356	question
48490280	48490510	5974433	answer
46580112		5072691	question
46806127		6435921	question
46806127	46806820	556014	answer
46806127	46839026	463213	answer
44274701		7687401	question
44274701	44349081	7687401	answer
46639430		7945697	question
46639430	46639600	3301202	answer
46639430	46639677	5495304	answer
40278868		497600	question
40278868	40278917	497600	answer
45320938		2469211	question
45320938	45321703	5359882	answer
44820811		3457761	question
44820811	44820976	5727175	answer
44364377		1116068	question
44364377	44548668	2097240	answer
42556919		860566	question
42556919	42578004	5974433	answer
42556919	42581606	7137636	answer
43195538		7776181	question
42986686		5981076	question
42986686	42996091	6791223	answer
42355723		6063977	question
42355723	42356212	5352399	answer
58568766		10187580	question
58568766	58591128	9710391	answer
58508286		1487087	question
58508286	58508551	4685471	answer
58438967		12169806	question
58337852		12199719	question
55605302		5771979	question
55605302	55612839	5771979	answer
55605302	58323757	6117017	answer
58247292		12168024	question
58247292	58248078	1699075	answer
58164678		1268426	question
58164678	58164917	1158241	answer
58164678	58164987	9477338	answer
57689006		11325381	question
57689006	57689231	1029324	answer
57571337		5931672	question
57571337	57571405	3987085	answer
57402728		6118662	question
57402728	57403556	4935621	answer
57005176		10273558	question
57005176	57009483	10878733	answer
47106830		6947284	question
47106830	56950297	11759010	answer
56792752		6914009	question
56792752	56804826	6914009	answer
56380303		76701	question
53904688		8981905	question
53904688	53905648	1462770	answer
53904688	56255773	5094841	answer
56080498		4729764	question
56080498	56103140	2099607	answer
56080498	56186852	7454706	answer
56111871		4406595	question
56111871	56112655	7126023	answer
56108959		11491488	question
55691412		8030267	question
55691412	55691549	5154274	answer
55691954		8401148	question
55691954	55692913	10222665	answer
55667521		11352300	question
55667521	55668257	11352300	answer
55506361		user10154223	question
53060501		3219201	question
53060501	55416848	3033937	answer
54952038		7205641	question
54777950		9335974	question
54777950	54818409	9335974	answer
54700736		9194527	question
54700736	54700968	6276241	answer
54282547		10082791	question
54282547	54643530	10082791	answer
54595058		4209599	question
54546666		9922198	question
54546666	54559110	10944202	answer
50874279		9697805	question
50874279	50875053	3794110	answer
54290619		7674498	question
48951409		7622536	question
48951409	48951920	3027854	answer
48951409	54142737	6670629	answer
54022742		348637	question
54022742	54023447	2099607	answer
52558382		1666546	question
52558382	53956051	5642366	answer
53909870		1691278	question
53909870	53911272	4297035	answer
53869349		2114952	question
53869349	53869525	2099607	answer
53869349	53878284	3522130	answer
51201789		8163150	question
51201789	51204146	3374996	answer
53259647		312605	question
53259647	53285949	4249707	answer
53421050		10594993	question
53446905		9468014	question
53446905	53447141	2099607	answer
53400687		10628705	question
53377681		10433093	question
53377681	53378186	user9477964	answer
53371014		10186104	question
53371014	53371225	7301994	answer
44462550		497600	question
44462550	53307356	4183151	answer
53254586		5495304	question
53254586	53256297	5495304	answer
53236430		1867083	question
53173884		7660421	question
53173884	53174026	2099607	answer
53051519		8767101	question
53051519	53056064	10574412	answer
52798089		9633432	question
52798089	52799729	1626564	answer
52522171		10419677	question
52586526		10345968	question
52586526	52596030	3802483	answer
52282108		3052890	question
52282108	52477777	2099607	answer
52282108	52499022	7953862	answer
52440940		226958	question
52440940	52442586	2099607	answer
52433867		6922785	question
52221103		4618605	question
52210472		6531629	question
52210472	52210587	3015734	answer
52201644		3119628	question
52201644	52202304	3607203	answer
52201644	52205139	3119628	answer
52201594		8977425	question
52201594	52201865	2760559	answer
51273582		9328846	question
51273582	51274758	2099607	answer
50319066		8058705	question
50319066	50320784	2099607	answer
52009816		8926217	question
52009816	52009971	2329988	answer
51971844		8926217	question
51971844	51975324	5668710	answer
50899502		7637120	question
50899502	50901243	5824830	answer
51772437		3204706	question
51772437	51772752	4261833	answer
51699523		7687917	question
51699523	51721411	6876820	answer
51653638		10171009	question
51653638	51655210	2097240	answer
51482406		6229792	question
51482406	51482490	9758922	answer
51456613		9951218	question
51456613	51456629	8898218	answer
51255290		9944074	question
51195017		7582019	question
51195017	51195367	5951397	answer
51195017	51196077	2097240	answer
51110110		8027995	question
51110110	51116610	997253	answer
51048421		9082423	question
51048421	51051880	349130	answer
50911337		7245353	question
50911337	50917723	7996768	answer
50897444		3658166	question
50897444	50897875	5904707	answer
50010040		9679935	question
50010040	50886956	8131929	answer
50880224		9947712	question
50751207		6850241	question
50751207	50751395	6850241	answer
50697550		9658877	question
50697550	50700554	9658877	answer
50634095		9875012	question
50634095	50634151	2097240	answer
50634095	50652121	9875012	answer
45793985		8485311	question
48978609		7622536	question
48978609	48978953	3954958	answer
48954694		9234390	question
48954694	48955311	3908170	answer
48179905		8560558	question
48179905	48186874	2097240	answer
45961428		8538125	question
45961428	45963039	8298761	answer
48125185		9155924	question
48102364		9173861	question
45666991		7233229	question
45666991	45671173	1896918	answer
41927602		7487684	question
41927602	41927851	349130	answer
41927602	45607845	7712022	answer
44769630		8093698	question
44769630	44769702	3038791	answer
44769630	44775309	6248186	answer
44769630	44784581	8093698	answer
41810521		3233501	question
41810521	44393842	1854664	answer
43758143		7957031	question
43128584		4808493	question
43128584	43128910	349130	answer
40705445		3087119	question
40705445	40706157	349130	answer
56986100		11769109	question
56986100	56986563	5298937	answer
56986100	56986599	11747121	answer
58458203		11761580	question
58436796		1892346	question
58436796	58436941	8889727	answer
58354191		4613656	question
58354191	58371625	4613656	answer
47599436		9040452	question
47599436	47602580	4685471	answer
47599436	47681145	9040452	answer
49118388		2962001	question
49118388	49119893	5974433	answer
58044796		1150108	question
58044796	58045173	10807234	answer
57681910		11971761	question
57681910	57682510	349130	answer
57681910	57749946	1673784	answer
57701511		9922891	question
57681850		11309950	question
57681850	57682030	9000214	answer
56941873		11756291	question
57514153		10840909	question
57441316		11910774	question
54136325		10813286	question
54136325	54136661	10897466	answer
54136325	57408796	3177661	answer
57397440		11802639	question
57397440	57397493	2097240	answer
57397440	57397514	4685471	answer
57216216		8163412	question
57216216	57253880	5210098	answer
57216216	57320046	997378	answer
57216216	57335086	2097240	answer
57291799		11549491	question
57291799	57292115	7200084	answer
57235627		9697017	question
54788005		434912	question
54788005	57216651	11840555	answer
56217358		7558022	question
56217358	56223530	2249269	answer
57046843		11788457	question
57046843	57049816	10237052	answer
57046843	57050115	11789753	answer
53183865		8614829	question
53183865	53369637	1918190	answer
53183865	53656253	lintex	answer
53183865	53689541	6029751	answer
53183865	54770296	6650382	answer
53183865	54879211	11117505	answer
53183865	55406788	7257643	answer
53183865	56691652	9389666	answer
53183865	56993437	11450077	answer
53183865	57044939	8188662	answer
56977277		11766668	question
56977277	56977623	5298937	answer
56977277	56977650	5668710	answer
55268762		9673730	question
55268762	55281501	9673730	answer
55268762	56946898	6055798	answer
56896712		10671392	question
56896712	56896809	423926	answer
56896712	56897025	349130	answer
56762895		5865514	question
56762895	56763121	6902337	answer
56696850		5675576	question
47346809		5073704	question
47346809	47522511	6504837	answer
47346809	52980732	10555355	answer
56550889		10840273	question
56550889	56551284	349130	answer
56516917		347484	question
56261014		9925589	question
56261014	56328858	10238218	answer
55569181		11277304	question
55569181	55570856	8625500	answer
55569181	55574447	11277304	answer
55569181	56276963	9849170	answer
56114987		626537	question
56104993		10462295	question
52082538		8382707	question
52082538	54922201	8346078	answer
56004287		4720169	question
56004287	56005246	11153431	answer
55999097		4818540	question
55999097	56000794	2455494	answer
55937000		11203446	question
55931671		3879426	question
55931671	55932064	3016483	answer
55879245		10220825	question
55821155		5821937	question
55821155	55821434	10956606	answer
55800339		11396292	question
55796455		5397301	question
55796455	55798533	4718350	answer
55781844		11277952	question
55531427		11277304	question
55531427	55709360	11192099	answer
55684277		5231224	question
55684277	55684535	5231224	answer
55665406		11282037	question
55665406	55665569	5232335	answer
52089601		9922482	question
52089601	52092176	2099607	answer
53496095		6187009	question
53496095	53496805	2099607	answer
53496095	55660438	4468490	answer
55622294		11304345	question
55622294	55626808	7389608	answer
55434128		5366046	question
55434128	55434357	2099607	answer
52597523		9731282	question
52597523	52918442	10537190	answer
55170460		6835329	question
55170460	55170820	9703830	answer
55170460	55203161	4685471	answer
55211277		4512646	question
55211277	55211330	4569506	answer
55032687		8372455	question
55032687	55033092	10809912	answer
54988498		4028201	question
54988498	55004517	4028201	answer
48453143		8038398	question
48453143	53995506	3518825	answer
52959685		8879559	question
52959685	52960937	10305819	answer
52959685	52960991	1698143	answer
53996020		4406595	question
53996020	53997971	9710391	answer
53996020	54645143	9316748	answer
54504138		7286275	question
54504138	54505098	2641587	answer
54267383		3905169	question
53361187		1179925	question
53361187	53913092	1179925	answer
53670078		2959990	question
53670078	53672376	4995844	answer
53670078	53673232	5884955	answer
53677335		7258619	question
53677335	53678856	user9477964	answer
53652359		10752514	question
53652359	53652626	2099607	answer
46542773		8538125	question
53603775		260826	question
53603775	53605682	10111931	answer
53584868		9245347	question
53584868	53584986	8093922	answer
53529614		10300594	question
53529614	53532509	2097240	answer
47717227		4210341	question
52965686		9134476	question
52965686	52966179	8609330	answer
52965686	52970511	9758922	answer
52966765		10551333	question
52966765	52967811	2099607	answer
52781685		9749306	question
52781685	52782788	9919799	answer
52415751		10171009	question
52340372		3938208	question
51507322		5020881	question
51507322	51513333	2099607	answer
52095862		3119628	question
52095862	52095929	4870005	answer
52001543		10003894	question
52001543	52002074	2099607	answer
52001543	52002409	5120376	answer
51636620		9495274	question
51636620	51640187	7699859	answer
51172775		10031851	question
51172775	51173400	8563649	answer
50914245		9957846	question
50931180		6831406	question
50784021		7017670	question
50784021	50785810	9758922	answer
50561555		9857400	question
50524927		9468262	question
50524927	50525619	8357000	answer
50264065		8735043	question
50264065	50265163	2097240	answer
48880922		6304205	question
48242547		6696880	question
48242547	48242704	5974433	answer
47295025		7993917	question
47295025	47300005	1635180	answer
47305473		3455652	question
47305473	47347993	3455652	answer
46050073		5359882	question
44394133		3819091	question
44394133	45706541	7900280	answer
42665359		3993741	question
42665359	42665603	3994824	answer
40396580		497600	question
58476704		8564860	question
58476704	58634964	349130	answer
58543537		12264855	question
58543163		12187261	question
58543163	58556827	5652313	answer
57695689		11989989	question
57695689	57701509	8748870	answer
57695689	58552657	12192957	answer
58540174		11608867	question
58514992		4073665	question
58514992	58515038	10416716	answer
58475116		5674966	question
58476838		6852382	question
58378928		7882367	question
58369314		9610773	question
58369314	58369764	1318499	answer
58347545		4412095	question
58347545	58348080	7212365	answer
58287403		1050265	question
57974605		5048010	question
57974605	57975860	2846923	answer
57909201		7158019	question
57902596		11805922	question
57826612		2991243	question
57826612	57826771	5085211	answer
57795697		5510818	question
57795697	57812490	5510818	answer
57792660		5623899	question
57792660	57798873	349130	answer
57784115		11309950	question
57784115	57786112	10606534	answer
57718512		7858253	question
57718512	57721577	349130	answer
57612775		9967569	question
57258755		9500904	question
57066997		11794721	question
52627739		4729764	question
52627739	52629902	2099607	answer
42641824		3993741	question
42641824	43601365	4438782	answer
42641824	45539517	6458334	answer
52936132		10542348	question
52936132	52936626	2099607	answer
54880241		1450312	question
54880241	56300129	1618292	answer
52664110		6859553	question
52664110	52711716	1438845	answer
52664110	53474769	1055144	answer
52664110	53980337	6805747	answer
52664110	56291662	8156353	answer
56169852		4915737	question
56169852	56175135	9571777	answer
56169852	56261000	8796240	answer
56129165		6311079	question
55950909		10232824	question
55950909	55953034	9477338	answer
55944143		1125383	question
55944143	55944595	7378795	answer
49811350		7059780	question
49811350	49812031	2980717	answer
55794687		10870968	question
55794687	55794895	5154274	answer
54918386		11065347	question
54918386	55416875	6114359	answer
54918386	55422891	11065347	answer
49503748		7687401	question
49503748	49504376	1531463	answer
49503748	52691745	2679740	answer
55312734		1308333	question
55312734	55315259	7141506	answer
55264156		3395255	question
55244150		9999035	question
55229147		7286275	question
55212576		11217227	question
55212576	55212770	10886420	answer
54994347		10435242	question
54994347	54999733	8784825	answer
54870382		6014338	question
54870382	54871963	4006592	answer
54407441		588855	question
54407441	54407706	4785185	answer
54407441	54408493	9226932	answer
54189142		1766088	question
54189142	54261656	9487195	answer
54189142	54298123	604048	answer
53671491		2607447	question
53671491	53671738	5502111	answer
53671491	53671806	6757884	answer
53671491	53671912	8180401	answer
53671491	53672023	529630	answer
53671491	54074611	2334551	answer
53671491	54225144	5884955	answer
53851652		10523748	question
53851652	53852157	2099607	answer
53851652	53852213	1173884	answer
53851652	53855389	10111013	answer
54053406		4061327	question
54053406	54053907	2099607	answer
53964523		10121004	question
53964523	53964659	2099607	answer
53905433		9717380	question
53905433	53905479	4466962	answer
53836507		10724777	question
53836507	53889875	10724777	answer
53830779		2443944	question
53830779	53833360	2443944	answer
53671437		8764576	question
53671437	53813195	141789	answer
53581298		10730211	question
53581298	53679013	2097240	answer
53619964		7311070	question
53619964	53750000	2099607	answer
53649837		5454643	question
53649837	53650141	2099607	answer
50993978		5049813	question
50993978	50996766	2099607	answer
53492970		4780863	question
53492970	53506006	3482325	answer
53433119		2249901	question
53376761		1115237	question
53376761	53378238	2099607	answer
53131397		4324126	question
53131397	53131649	2099607	answer
53131397	53131651	4466962	answer
53022933		10547221	question
52850105		3494669	question
52850105	52851738	2099607	answer
52850105	52853319	349130	answer
52598959		8926217	question
52598959	52759335	3114765	answer
52598959	52812040	602721	answer
52616670		9660268	question
52616650		6145828	question
52616650	52617244	2099607	answer
52546455		9768291	question
52546455	52547459	173773	answer
52546455	52551862	5716062	answer
50140500		1904749	question
50140500	50143052	349130	answer
50140500	50164946	5234494	answer
52507334		8460161	question
52507334	52515008	8650928	answer
52507334	52515261	5450900	answer
52192148		10280951	question
52192148	52193172	1138455	answer
52015499		10272496	question
51377371		10019832	question
51312070		2350398	question
51312070	51312398	5030164	answer
51799234		8915760	question
51799234	51799570	8563649	answer
51338831		2489835	question
51338831	51340745	2099607	answer
51315626		4256575	question
51305682		7245353	question
51305682	51306128	7896849	answer
51141408		9963946	question
50504770		5024768	question
50504770	50505609	2610004	answer
50359055		9165727	question
50359055	50377510	7994236	answer
50295442		9548525	question
49944010		2176736	question
49944010	50243951	2378649	answer
50082882		1446289	question
50082882	50111738	1626564	answer
50082882	50195395	1446289	answer
49885298		7835965	question
49885298	49886042	2097240	answer
49226440		5031496	question
49226440	49755985	5031496	answer
49696933		8371191	question
49224425		4023306	question
49224425	49237601	4023306	answer
48997385		9357259	question
48997385	49196209	9418446	answer
48930933		100208	question
48930933	48996293	712995	answer
48619600		9155924	question
48619600	48620669	1762211	answer
46827434		8800433	question
44444475		2850762	question
44444475	44445607	349130	answer
40805140		2777474	question
40805140	40808379	6599314	answer
40805140	40813882	5974433	answer
42873166		5721377	question
42873166	42873823	4955956	answer
55490830		11304345	question
55490830	55492133	9875707	answer
55490830	55613009	11304345	answer
55490830	56462838	3883531	answer
55798841		4934409	question
55798841	55798951	6901690	answer
55798841	55918665	6314194	answer
55798841	58180993	824979	answer
58114504		8857724	question
58114504	58116874	2097240	answer
58116359		12124818	question
50151585		7968996	question
50151585	50151695	6583140	answer
50151585	50153065	7968996	answer
50151585	58073867	9936228	answer
40050397		5031496	question
40050397	40434284	2876799	answer
40050397	45099092	365837	answer
40050397	45339569	1002035	answer
40050397	50863932	1637126	answer
40050397	54501450	5892689	answer
40050397	57722547	3293408	answer
56062017		3173765	question
56062017	57678843	4514785	answer
57592430		1420331	question
57592430	57626290	1420331	answer
57578845		11917598	question
57578845	57600828	6013016	answer
57534871		11355966	question
57534871	57535307	11939354	answer
57539335		9025377	question
57539335	57542942	9571777	answer
57519241		11309950	question
57519241	57519833	2455494	answer
57493538		4512432	question
57493538	57495212	2097240	answer
51748514		8926217	question
51748514	51748870	2099607	answer
51748514	51748972	8563649	answer
51748514	51754972	7699859	answer
51748514	56727678	7478712	answer
51748514	57159192	1873877	answer
56670255		3755166	question
56670255	57196273	7582987	answer
51277748		10020470	question
51277748	51278184	3994228	answer
51277748	51278921	5140223	answer
56857364		7700129	question
56744482		11694587	question
56744482	56745178	5668710	answer
56744317		11464742	question
56744317	56744950	349130	answer
56519029		6458245	question
56519029	56519107	11588671	answer
56519029	56519198	3250829	answer
56519029	56524030	349130	answer
56434667		6411761	question
53289863		10648491	question
56370439		11257628	question
56345857		2995747	question
56330730		8516606	question
52964532		10245126	question
52964532	56324098	11134789	answer
56321468		6760298	question
53492199		3101671	question
53492199	53493615	3101671	answer
40089089		7031557	question
40089089	40147091	7031557	answer
40089089	43256939	6345906	answer
40089089	56094651	1277836	answer
55868686		7241796	question
49458902		7855237	question
49458902	49459319	4790871	answer
50266975		3993741	question
50266975	50268296	712995	answer
50266975	55734389	3239404	answer
55598702		11336168	question
55598702	55598802	3080953	answer
55511650		11310296	question
49425056		9312824	question
49425056	49425867	712995	answer
49425056	53805896	3524844	answer
49425056	55235934	8468326	answer
55235630		4843153	question
55157256		9335974	question
55049208		8372455	question
55049208	55055310	11065347	answer
55049208	55132331	9140084	answer
51047676		1324765	question
51047676	51047782	2097240	answer
51047676	53724840	1906450	answer
54954963		2137798	question
54954963	54958649	5597718	answer
54534668		9585135	question
54534668	54536212	5741205	answer
54437652		8967714	question
54437652	54445532	5131287	answer
54368659		5175253	question
54368659	54370557	10960882	answer
54051279		7104787	question
54051279	54051752	1234909	answer
54048102		588855	question
54048102	54048480	4238408	answer
54032216		8210488	question
54032216	54038061	4867531	answer
41225871		6561580	question
41225871	41227478	3827807	answer
41225871	53882237	9427281	answer
53853358		7009011	question
53853358	53853633	2099607	answer
53808163		10799089	question
53808163	53809039	10330116	answer
53808163	53819365	10799089	answer
51081439		4509378	question
51081439	51081966	5763590	answer
51081439	51082005	3584765	answer
48716072		5460383	question
53568337		10083164	question
53568337	53568516	10498246	answer
53562704		3262785	question
53517730		10716620	question
53517730	53517846	10330116	answer
53517730	53519929	10454790	answer
53451052		9566690	question
53203218		8916723	question
53203218	53203580	5108062	answer
53203218	53203643	8916723	answer
52831351		1115237	question
52831351	52947803	2266772	answer
52831351	52960410	6347629	answer
52831351	52960797	890242	answer
52595477		626537	question
52595477	52595548	1749629	answer
52595477	52596165	349130	answer
52452622		10039556	question
52452622	52490864	9415043	answer
51994344		7313100	question
51994344	52001520	2099607	answer
51994344	52110912	7313100	answer
51404204		7846405	question
51404204	51408585	2099607	answer
52136423		10280951	question
52136423	52137862	349130	answer
52073938		7977534	question
52073938	52080656	5230735	answer
52069367		9927558	question
52019808		7942047	question
52019808	52021000	9415043	answer
51998587		10186104	question
51998587	51998757	6077443	answer
51969472		8926217	question
51969472	51969667	5495381	answer
51954691		8926217	question
51954691	51954726	5495381	answer
51954691	51954957	562769	answer
51755160		5025377	question
51755160	51788497	5495381	answer
51692086		7316075	question
51683915		305665	question
51683915	51684817	349130	answer
51264291		5904928	question
51264291	51265068	3867406	answer
51235911		9328846	question
51235911	51236116	2099607	answer
50806953		8100895	question
50806953	50811028	7984359	answer
50630849		9871654	question
50375207		8798570	question
50375207	50376413	8794168	answer
50306214		9175281	question
50306214	50306425	9758922	answer
50267032		3993741	question
50267032	50267127	8841462	answer
50267032	50267421	7770781	answer
50259290		1578967	question
50259290	50259637	6659511	answer
50259290	50259726	2097240	answer
50259290	50259737	712995	answer
50259290	50259839	3976345	answer
49321280		9203595	question
49321280	49321588	3827807	answer
49258492		6115065	question
49258492	49285896	6115065	answer
49163097		4909000	question
46501505		7153699	question
46501505	46501831	5324310	answer
46501505	46503541	349130	answer
46167901		8538125	question
46167901	46173595	3881984	answer
45479009		1709738	question
45479009	45489859	5974433	answer
45378493		1709738	question
45378493	45381653	349130	answer
44911378		8248670	question
44911378	44911745	2097240	answer
44911378	44911772	7957846	answer
44758894		3794110	question
44758894	44759105	7117003	answer
44583792		6601767	question
44583792	44586523	5236005	answer
44500526		1127387	question
44500526	44530760	1127387	answer
44463932		8138533	question
44463932	44464357	1713850	answer
44463932	44465021	2097240	answer
44010266		8021465	question
42313046		4359305	question
42313046	42314890	7584913	answer
42313046	42410436	4359305	answer
42346516		3218279	question
42346516	42346782	5903959	answer
58572274		9082644	question
58572274	58572625	8342910	answer
58565394		12264499	question
58565394	58566065	1329739	answer
58565394	58574260	2959389	answer
58538135		11387015	question
58538135	58538364	8563649	answer
58453700		1930011	question
58453700	58468503	5723385	answer
58470877		10286273	question
58470877	58473735	1190882	answer
58458720		10416670	question
58458720	58460050	9477338	answer
58458720	58460087	12094550	answer
50715928		4902934	question
50715928	50716411	4902934	answer
50715928	58411594	12226012	answer
58344477		4146344	question
58344477	58392540	2097240	answer
58327372		1319915	question
58327372	58328560	5974433	answer
58294835		9654709	question
58294835	58300459	9318372	answer
58262303		12166442	question
58262303	58263291	7212365	answer
58198083		12152654	question
58198083	58198117	5763590	answer
58001456		1917160	question
58001456	58001684	1917160	answer
57972482		11824234	question
57972482	57972897	5536259	answer
57863306		10761064	question
57863306	57863581	1898734	answer
57863306	57863932	9828197	answer
43318101		2527680	question
43318101	44301698	552927	answer
43318101	50641745	1507527	answer
43318101	57568548	11480909	answer
56155048		7558022	question
56155048	57801465	11530462	answer
51656000		8516059	question
51656000	51657016	8563649	answer
51656000	52375589	10348869	answer
51656000	57798754	9162147	answer
57745893		2110356	question
57745893	57746472	10606534	answer
57640507		10905984	question
57629034		3711266	question
41708865		6137334	question
41708865	41723032	3111778	answer
57237671		7717192	question
57237671	57237690	11381650	answer
57237671	57299594	10886420	answer
57261771		5013992	question
57237748		2415802	question
57237748	57237768	2099607	answer
57237748	57237778	user11563547	answer
57205032		3001736	question
57205032	57205169	2099607	answer
57175013		7717192	question
57175013	57196466	2099607	answer
57175459		11763318	question
57174825		7717192	question
57174825	57174858	4578111	answer
57174825	57176551	11607309	answer
57030382		5451631	question
57030382	57031202	349130	answer
56984200		5049813	question
49175961		2104088	question
49175961	49176557	5030164	answer
49175961	49176913	9429907	answer
49175961	56993864	4867531	answer
56912336		11746905	question
51587279		7896849	question
51587279	51589998	5495381	answer
56323567		4419588	question
56323567	56324236	5825953	answer
56278518		818663	question
56278518	56308916	9078508	answer
56308419		11555602	question
53770761		10014485	question
53770761	53778852	2097240	answer
53770761	56299312	622104	answer
56099852		347484	question
56021627		10413480	question
56021627	56022101	349130	answer
49464636		7250730	question
49464636	55769374	8272600	answer
55533413		11277304	question
55533413	55543516	1967571	answer
55533413	55827001	11277304	answer
55617648		6047750	question
55617648	55627939	11340515	answer
55602703		7241796	question
55597112		6676541	question
55463959		11276890	question
55463959	55490373	11276890	answer
55157832		9011045	question
55157832	55158222	6620283	answer
55157832	55158267	10953776	answer
55157832	55158275	10455493	answer
55157832	55161358	5154274	answer
55120458		11189857	question
55120458	55120700	7896849	answer
55115837		7256784	question
55115837	55116413	10983999	answer
54846398		7175140	question
54846398	54857354	6560413	answer
50128278		7908461	question
50128278	50128576	9014655	answer
50128278	50130315	6940428	answer
50128278	54247971	8011397	answer
53993955		10763046	question
53993955	53997239	5770873	answer
53749895		10782523	question
53749895	53749978	2097240	answer
53703825		7873912	question
53703825	53727604	7873912	answer
53654594		6109845	question
53654594	53654863	2099607	answer
53654594	53723061	6109845	answer
53578009		6562470	question
53578009	53578632	9703830	answer
53532959		9511772	question
53392793		10679504	question
53392793	53462075	10679504	answer
50061393		6752591	question
50061393	50061478	9675667	answer
50061393	50061570	6583140	answer
46701216		3667241	question
46701216	46704606	5359882	answer
53275045		1773216	question
53275045	53275323	2099607	answer
52691538		9749306	question
52691538	52691752	9179860	answer
52691538	52691920	2099607	answer
52109738		1381666	question
52109738	52110172	5230735	answer
52088807		5491698	question
52075519		8766532	question
52075519	52080268	9758922	answer
51896013		6382526	question
51896013	51896570	2099607	answer
51809132		8617586	question
51809132	51844178	8617586	answer
51737993		10195041	question
51737993	51738117	3351984	answer
51695149		1385975	question
51695149	51695226	7583778	answer
51695149	51695478	1385975	answer
50309488		8798570	question
50309488	51567255	9686324	answer
51522011		9079989	question
51506191		7245353	question
51506191	51506562	349130	answer
51503939		7245353	question
51257037		user5339769	question
51257037	51265433	7370153	answer
51211816		9496744	question
50525283		1553662	question
50525283	50525464	8357000	answer
50366626		9492604	question
50366626	50377239	62288	answer
50319873		9785107	question
50319873	50326237	1626564	answer
49862270		3661120	question
49862270	49862339	712995	answer
49592049		9308528	question
49592049	49593190	2027457	answer
49436628		9536611	question
49436628	49439621	2429640	answer
49363410		2346564	question
49363410	49364311	5797699	answer
49334642		7855237	question
49239478		7785666	question
49239478	49243900	9412325	answer
49006083		9417886	question
48853066		746999	question
48853066	48853597	58866	answer
48534517		3959018	question
48212629		3979919	question
48212629	48212881	5974433	answer
42386797		6311081	question
42386797	42635977	1869715	answer
46734134		2179021	question
46734134	46822846	2230844	answer
46247619		6105651	question
46247619	46249708	1518628	answer
46018905		8553203	question
46018905	46021028	4393970	answer
41855512		2221270	question
41855512	41855937	5974433	answer
41855512	42945707	448357	answer
41855512	43069409	562769	answer
41855512	43930523	3371265	answer
37379623		588855	question
37379623	37380692	364772	answer
50210953		9535607	question
50210953	58413512	5074448	answer
55902068		11304345	question
55902068	57677374	11530462	answer
40046619		2179021	question
40046619	40066895	5637569	answer
40046619	45010572	7008416	answer
40046619	57423988	10602920	answer
56565888		11637595	question
56565888	57400063	2168245	answer
53266213		6346529	question
53266213	53266992	2099607	answer
53266213	57333067	MOOYUU	answer
40690598		3993741	question
40690598	40690711	1951176	answer
40690598	42750563	562769	answer
40690598	44625370	8144379	answer
40690598	44833979	5269988	answer
40690598	45773574	8488350	answer
40690598	47241562	2168281	answer
56865344		11733048	question
56865344	56875660	2455494	answer
56865344	57002007	10685311	answer
56922590		7231742	question
49987631		9658877	question
49987631	49988734	1626564	answer
49987631	56871839	10671392	answer
56862032		9297060	question
56739708		9893826	question
56739708	56740399	5298937	answer
51885739		9749306	question
51885739	56739003	11692518	answer
56665564		11150019	question
56657993		11667181	question
56657993	56658149	5668710	answer
52435394		2129212	question
52435394	52488462	992489	answer
52435394	56610704	11108743	answer
56598010		9939358	question
56598010	56598443	9939358	answer
52172956		10279275	question
52172956	52179406	7606121	answer
55923212		10583074	question
55923212	55923962	11352300	answer
55916235		7226636	question
55916235	55916319	2760995	answer
55883795		7133431	question
55883795	55883947	5154274	answer
55875281		7133431	question
55875281	55875369	596325	answer
55835834		11406812	question
55835834	55835904	10548514	answer
55833616		8889727	question
55660786		10994003	question
55660786	55660844	2099607	answer
55181044		9636774	question
55181044	55198619	5786339	answer
55181044	55431517	9636774	answer
55368195		7241796	question
55360828		11013499	question
55360828	55362637	2099607	answer
55324025		8499517	question
55207296		9110892	question
55207296	55278352	10005061	answer
55246565		1883795	question
55246565	55249513	423926	answer
55218252		9420677	question
55218252	55219711	8742334	answer
55218022		3848844	question
55213599		11214765	question
52856155		1727392	question
52856155	55174412	1727392	answer
54690223		5535056	question
54426725		8675342	question
54426725	54497392	10513982	answer
54457016		4629950	question
54457016	54457339	9277245	answer
54293501		4406595	question
53030636		1617910	question
53030636	54165635	10906564	answer
54093755		6498972	question
54075399		6498972	question
54075399	54075482	2099607	answer
53971451		1243445	question
53971451	53971555	349130	answer
53941590		4505601	question
53941590	53942147	2099607	answer
53884001		10748217	question
53884001	53884194	3073930	answer
53884001	53884315	2099607	answer
53867653		2907420	question
53867653	53867772	3987085	answer
53859881		7974205	question
53831840		9251200	question
53831840	53832390	5495381	answer
53831840	53832876	9890698	answer
47352366		4348534	question
47352366	48066963	9163909	answer
53571236		7865134	question
53571236	53571324	10633290	answer
53571236	53576147	5383733	answer
53562493		4933735	question
53562493	53562579	2099607	answer
53298106		10048730	question
53298106	53298871	953674	answer
53214189		1958843	question
53214189	53214433	2099607	answer
53122721		9200834	question
53031162		1298461	question
53031162	53031294	2099607	answer
52902937		7536495	question
52871934		10523094	question
52871934	52879084	4790871	answer
52857557		7575552	question
52857557	52857819	2099607	answer
46998182		8850850	question
46998182	46999522	8850850	answer
52620141		9768291	question
52620141	52620780	349130	answer
52579346		5634425	question
52579346	52581210	5025377	answer
52577355		10436726	question
52577355	52578248	2099607	answer
52543817		13820	question
52543817	52571237	13820	answer
52045585		10281290	question
51958745		10102727	question
51879667		8185479	question
51879667	51880461	4867531	answer
51618762		2360081	question
51618762	51671679	7067304	answer
51617857		2743206	question
51617857	51626256	2743206	answer
51575306		7626839	question
51575306	51576032	5495381	answer
51575306	51578138	7621113	answer
51549056		9813788	question
51549056	51552632	2099607	answer
51501741		10111057	question
51481371		7505228	question
51481371	51481903	8563649	answer
51466437		10110703	question
51466437	51466622	349130	answer
51466437	51467918	7042560	answer
51308607		9234472	question
51308607	51315665	4673198	answer
50876172		9946584	question
50876172	50877539	9758922	answer
50876172	50905020	9946584	answer
50876172	50905451	9305450	answer
50883917		6630072	question
50883917	50884034	1574073	answer
50755544		8672055	question
50755544	50756554	9758922	answer
50257839		8644572	question
50257839	50258069	624547	answer
49857979		3291312	question
49857979	49906793	2230844	answer
49950865		3747765	question
49950865	49952428	8112138	answer
49950865	49953833	9412325	answer
42606207		1928515	question
42606207	42607110	7137636	answer
49886574		2353196	question
49644124		2311063	question
49644124	49644460	9305450	answer
45286957		5292951	question
45286957	49600827	9179860	answer
47417897		5554930	question
47417897	47429294	5465000	answer
47228270		2179021	question
47228270	47228447	2097240	answer
47149254		644566	question
47149254	47149405	826970	answer
46619869		2179021	question
46619869	46620771	4727666	answer
45343557		2469211	question
45343557	45345833	4796906	answer
44467974		8139623	question
44434359		3222184	question
44434359	44434743	977098	answer
44375351		6711444	question
43954712		6257020	question
43954712	43964847	562769	answer
43571323		6453526	question
42360110		541106	question
42360110	42361266	3994824	answer
42360110	42363290	7137636	answer
58527815		11355006	question
58527815	58528879	8455692	answer
58528291		12263847	question
58500095		10313194	question
58500095	58500475	10416716	answer
58441398		12235325	question
58441398	58442807	7024006	answer
58428466		4332075	question
58428466	58428848	4332075	answer
58418290		4980684	question
58418290	58418425	774331	answer
48355700		9133109	question
48355700	48359808	4685471	answer
58277932		9654709	question
58277932	58278605	7212365	answer
58221763		12131295	question
57808156		3183808	question
57808156	57821187	10190971	answer
57808156	58183602	3183808	answer
58174470		5640161	question
58174470	58174572	12102280	answer
58174470	58174610	11897007	answer
58174470	58178948	5597718	answer
57785752		12018753	question
57785752	57791481	7121231	answer
57865460		2856460	question
57865460	57866964	5652313	answer
57719531		5510818	question
57719531	57720959	1190882	answer
57719531	57731042	5510818	answer
57648932		11975431	question
57648932	57649599	3069214	answer
57648932	57680664	11975431	answer
57642361		7748163	question
57642361	57643045	2097240	answer
49161208		3633250	question
49161208	57574101	3336192	answer
56134016		6638840	question
56134016	56137820	6638840	answer
56134016	56864552	4303084	answer
56134016	57367869	9866433	answer
57254821		7943285	question
55158226		7250730	question
55158226	55158396	6187682	answer
55158226	57236391	user3717211	answer
57204355		10879227	question
57204355	57204697	2099607	answer
57016929		11773701	question
57016929	57032027	1626564	answer
56320749		11235680	question
56320749	56323772	8796240	answer
56320749	57023166	11749543	answer
57008032		2026108	question
56851288		11728795	question
56851288	56855675	5597718	answer
56819460		4985990	question
56819460	56822996	349130	answer
56711354		11683437	question
56711354	56711690	5668710	answer
56668672		10005867	question
56622231		11656005	question
56622231	56622713	5752859	answer
56312032		6760298	question
56295522		4979188	question
56280103		11377224	question
56280103	56280277	1140684	answer
56190344		9518837	question
56190344	56194495	9518837	answer
56163315		5265527	question
56163315	56164036	5265527	answer
55171360		6204860	question
55171360	55184009	6204860	answer
56105489		4363423	question
56105489	56107148	235548	answer
56094714		11486833	question
56094714	56097579	349130	answer
55776865		11277952	question
55776865	55777207	2099607	answer
55671954		996366	question
55641386		8860764	question
55524018		992291	question
55498306		9741463	question
47877565		7387488	question
47877565	47878986	2097240	answer
55019885		7250730	question
55019885	55024937	4895701	answer
55019885	55037106	5801539	answer
55019885	55213503	189247	answer
55019987		4292310	question
55019987	55099993	11152011	answer
55019987	55100852	2097240	answer
55019987	55196632	423926	answer
50144314		9732470	question
50144314	55172665	9234724	answer
55165008		10555987	question
55165008	55166129	8036123	answer
54942029		11131459	question
54942029	54942241	1841450	answer
54824768		1150683	question
54824768	54895171	10886420	answer
54816056		11098153	question
54816056	54816200	1602613	answer
54816056	54816344	10513982	answer
54566195		10571471	question
53807153		7241796	question
53807153	53807230	8112138	answer
53693188		2607447	question
53693188	53719535	5452132	answer
53678978		10757549	question
53678978	53682436	2099607	answer
53277465		7326400	question
53277465	53279655	2099607	answer
53248435		4296481	question
53136212		5068933	question
52941192		9660268	question
52941192	52943475	5121457	answer
47545540		8778369	question
47545540	47545838	57191	answer
52771791		2596672	question
52771791	52773020	3963013	answer
52771791	52787328	2596672	answer
52781277		10494287	question
52781277	52783689	1372667	answer
52708764		10171009	question
52708764	52710032	2084944	answer
52678215		4547005	question
52678215	52678529	6145828	answer
52678215	52678833	5055862	answer
52678215	52680776	4547005	answer
52678215	52683222	5707705	answer
52678215	52689582	2099607	answer
52647115		1115237	question
52647115	52650092	2099607	answer
52678048		9545198	question
52392577		10381709	question
52034983		8100895	question
52034983	52105974	10262316	answer
52034983	52210610	2099607	answer
52067100		4117624	question
52067100	52067354	3098092	answer
52063286		1801640	question
51721589		8830456	question
51721589	51721911	4867531	answer
51595618		9904501	question
51100057		1553662	question
51100057	51100984	2099607	answer
50779773		9900116	question
50779773	50782391	9758922	answer
48547688		3977276	question
48547688	48552179	5974433	answer
49448230		8332212	question
49448230	50300787	9758922	answer
49944822		9675256	question
49944822	49950909	1626564	answer
46911596		3775778	question
46911596	46913596	712995	answer
49832900		8426349	question
49832900	49837870	9590820	answer
49832900	49838056	8913947	answer
49474467		4412324	question
49474467	49582776	4412324	answer
49345671		762845	question
49345671	49475838	762845	answer
49417181		2311063	question
49417181	49417399	8793975	answer
44647258		2612484	question
44647258	44658650	2097240	answer
44647258	45195058	6903745	answer
48898104		5905951	question
48898104	48963537	6735980	answer
48652113		8371191	question
48652113	48652866	9161094	answer
48624974		6855617	question
48624974	48625043	2432224	answer
48220660		9207437	question
48220660	48225470	2097240	answer
48222542		9207946	question
47724077		9074858	question
47724077	47724464	9074858	answer
47047057		8850850	question
47047057	47047865	8850850	answer
46384434		4419659	question
46384434	46384800	2097240	answer
45666675		7153699	question
45666675	45666830	8143158	answer
40402050		497600	question
40402050	44068623	3038460	answer
42309978		5896419	question
42309978	42560924	5896419	answer
41787873		5287146	question
41787873	41795508	2217210	answer
48550201		8278437	question
48550201	48550825	2097240	answer
48550201	56490347	2384397	answer
57901603		3120842	question
57901603	58220795	9084663	answer
58156573		10490334	question
58156573	58156835	306739	answer
58069052		10453757	question
53256877		user10638958	question
53256877	53263124	user9477964	answer
53256877	53267871	6150310	answer
53256877	57224367	4311535	answer
53256877	57995945	5944114	answer
57294718		9412416	question
57294718	57307187	8563649	answer
57294718	57312355	8490683	answer
57840199		10704050	question
57840199	57840352	8621405	answer
57302048		11050535	question
57302048	57304890	5810950	answer
57302048	57805843	7121231	answer
57734955		10704050	question
57734955	57735357	2255479	answer
57734955	57737501	10606534	answer
51995977		10267239	question
51995977	51996037	5668710	answer
51995977	52792646	7121726	answer
51995977	53294835	10578525	answer
51995977	54777347	1519264	answer
57533788		1830648	question
57533788	57534566	349130	answer
57487634		4305208	question
57486671		11210924	question
57453145		10263591	question
57453145	57453506	10263591	answer
57442975		11219622	question
57442975	57443841	11219622	answer
51181754		6413914	question
51181754	51193665	6413914	answer
51181754	51239820	10052081	answer
51181754	54608086	8279583	answer
51181754	57329552	4210341	answer
57235956		6236959	question
57223192		11569086	question
57185851		3272409	question
57185851	57197011	2099607	answer
56960432		9566710	question
56966085		11763609	question
56966085	56967169	10701497	answer
56911622		11746615	question
56911622	56911875	2154701	answer
56856652		8855704	question
56856652	56856745	349130	answer
52471464		9184988	question
52471464	56800628	11210924	answer
56301426		9718199	question
56301426	56303867	349130	answer
56297644		7474822	question
53584617		869606	question
53584617	53586613	10111931	answer
56126508		9348767	question
55944723		10846746	question
55926163		4720169	question
55891530		10577043	question
55891530	55892557	9477338	answer
55840172		5821937	question
55358568		4406595	question
55351581		10643367	question
55291653		11107475	question
55291653	55291980	6187009	answer
53686556		10754618	question
53686556	53686858	9060826	answer
53686556	55119389	9952440	answer
48493755		7201349	question
48493755	48494469	6779007	answer
48493755	48497019	8563649	answer
48493755	54551602	4137497	answer
51756108		3204706	question
51756108	51756370	9028015	answer
51756108	54618526	1179925	answer
49729522		6443723	question
49729522	54594876	3888336	answer
54130103		user10822357	question
54130103	54130829	5825953	answer
53581571		10082348	question
53581571	53584689	6126315	answer
53979199		163024	question
53979199	53979286	2099607	answer
53978295		2135819	question
53978295	53978321	2099607	answer
53902876		8186702	question
53902876	53907253	8186702	answer
53167108		6407393	question
53167108	53167709	2099607	answer
53667966		5550639	question
53667966	53671908	5550639	answer
53481675		4780863	question
53481675	53482045	5825953	answer
53481675	53482783	2097240	answer
53400895		7043716	question
53400895	53407323	2099607	answer
53317187		3645038	question
53317187	53317295	2099607	answer
53107867		9302655	question
53107867	53109330	349130	answer
53108547		10581436	question
53063116		10083164	question
52952057		3711219	question
52762825		7732470	question
52762825	52801261	7732470	answer
52751040		1511274	question
52751040	52752228	1511274	answer
52656293		1031417	question
52656293	52658555	1626564	answer
52656293	52662175	2099607	answer
52357812		4533188	question
52123816		1585523	question
52123816	52127761	2099607	answer
51915835		10245386	question
51915835	51915996	7250730	answer
51848429		8670625	question
51848429	51860914	4186749	answer
51755271		2464597	question
51683647		6401867	question
49852241		4697075	question
49852241	49859859	712995	answer
49852241	51674554	5801215	answer
51628450		10087954	question
51628450	51628996	8405902	answer
51628450	51632087	10062944	answer
51571578		3808266	question
51571578	51574072	8388062	answer
51559118		6666660	question
51559118	51560757	4867531	answer
51465526		8599868	question
51465526	51465830	2613361	answer
51380832		1330974	question
51308774		7245353	question
51308774	51308931	8563649	answer
51192220		6691834	question
51192220	51196036	5763590	answer
51145007		811344	question
51145007	51145712	10006376	answer
50824643		9932131	question
50341647		7687401	question
50341647	50342940	3098092	answer
50341647	50357226	7687401	answer
48750358		5499527	question
48750358	50339530	2281298	answer
49936002		9673453	question
49631404		7867665	question
49631404	49631485	349130	answer
49631404	49631516	8563649	answer
49569568		5360713	question
49569568	49570137	9412325	answer
49569568	49883719	1360267	answer
49868715		4996806	question
49868715	49872076	9590820	answer
49826642		9643932	question
49826642	49827152	6245501	answer
44746507		1115237	question
44746507	44747788	540873	answer
44746507	49814021	907575	answer
49445588		3178853	question
41531695		785494	question
41531695	41534323	5215538	answer
48746829		2375105	question
48538404		6435921	question
48513777		3959018	question
47946413		7038887	question
47946413	47949724	8665686	answer
47946413	47996856	3574081	answer
44861148		3624195	question
44861148	44863828	2097240	answer
40667979		3087119	question
40667979	40678051	3994824	answer
43525896		958168	question
43525896	43556198	636384	answer
43525896	43612453	958168	answer
40466303		7126576	question
40466303	40469180	5538787	answer
40466303	43481397	7886197	answer
40466303	43485984	7852514	answer
37965139		6498587	question
37965139	37966693	4446102	answer
37965139	40752326	5352399	answer
41001357		2461808	question
41001357	41006099	7020295	answer
